step,kNN_accuracy
974,37.506248474121094
1949,40.50594711303711
2924,44.94550704956055
3899,47.77522277832031
4874,50.18498229980469
5849,51.20487976074219
6824,52.644737243652344
7799,53.99460220336914
8774,54.93450927734375
9749,55.2144775390625
