step,kNN_accuracy
1949,40.725929260253906
3899,47.955204010009766
5849,52.57474136352539
7799,56.40435791015625
