step,train_loss
49,26.47032356262207
99,22.929536819458008
149,22.802045822143555
