step,Cor_feature_ij_01_emb
49,0.6395509243011475
99,0.6431839466094971
149,0.7033768892288208
199,0.7035759687423706
249,0.7068048715591431
299,0.7467301487922668
349,0.7749602794647217
399,0.7204728126525879
449,0.7332937717437744
499,0.7425497770309448
549,0.7279105186462402
599,0.7505959272384644
649,0.7394378781318665
699,0.7841262221336365
749,0.7569770812988281
799,0.7492192387580872
849,0.7003163695335388
899,0.7283951044082642
949,0.745978057384491
999,0.7703065872192383
1049,0.7263939380645752
1099,0.7169440984725952
1149,0.727271318435669
1199,0.7097935080528259
1249,0.7618444561958313
1299,0.7285690307617188
1349,0.7512056827545166
1399,0.7118455171585083
1449,0.7351223230361938
1499,0.6973166465759277
1549,0.7733662724494934
1599,0.7290285229682922
1649,0.7532318234443665
1699,0.7397476434707642
1749,0.7247483134269714
1799,0.7120425701141357
1849,0.7347288727760315
1899,0.7347057461738586
1949,0.7560102343559265
1999,0.7608602046966553
2049,0.7198836803436279
2099,0.7755765318870544
2149,0.7309274673461914
2199,0.7294121980667114
2249,0.7610852718353271
2299,0.7386231422424316
2349,0.7271280288696289
2399,0.7422440052032471
2449,0.7622091770172119
2499,0.7628173828125
2549,0.7429839372634888
2599,0.7575670480728149
2649,0.7738010883331299
2699,0.7757867574691772
2749,0.743187427520752
2799,0.7826217412948608
2849,0.7421354651451111
2899,0.7719914317131042
2949,0.7889139652252197
2999,0.7572506666183472
3049,0.7768037915229797
3099,0.7691391706466675
3149,0.7534396648406982
3199,0.7836151123046875
3249,0.752709150314331
3299,0.7647493481636047
3349,0.7939537167549133
3399,0.7482930421829224
3449,0.7670286893844604
3499,0.7923152446746826
3549,0.754795253276825
3599,0.8000588417053223
3649,0.7632638812065125
3699,0.7942299842834473
3749,0.7449225187301636
3799,0.7616258859634399
3849,0.7770229578018188
3899,0.7630800008773804
