step,kNN_accuracy
1949,37.57624435424805
3899,39.87601089477539
