step,Cor_feature_ij_01_emb
49,0.552403450012207
99,0.5092112421989441
149,0.5884040594100952
199,0.5859439373016357
249,0.6402639150619507
299,0.6599854826927185
349,0.6574792265892029
399,0.6870105266571045
449,0.6702926158905029
499,0.6729622483253479
549,0.6574521064758301
599,0.693840503692627
649,0.6774501204490662
699,0.6869361400604248
749,0.7041858434677124
799,0.6779181361198425
849,0.7002122402191162
899,0.6649608016014099
949,0.6971062421798706
999,0.6933643817901611
1049,0.7204556465148926
1099,0.7190117835998535
1149,0.7232399582862854
1199,0.7224879264831543
1249,0.7365568280220032
1299,0.7191109657287598
1349,0.7247319221496582
1399,0.718019962310791
1449,0.7375779151916504
1499,0.7047961354255676
1549,0.726642906665802
1599,0.7028132081031799
1649,0.738642692565918
1699,0.7507750391960144
1749,0.7507491707801819
1799,0.7512814998626709
1849,0.7211732864379883
1899,0.7123791575431824
1949,0.7143253684043884
1999,0.7150105834007263
2049,0.7418818473815918
2099,0.7194045186042786
2149,0.7372671365737915
