step,Cor_feature_ij_00_emb
49,0.49202868342399597
99,0.4243655800819397
149,0.4561688005924225
199,0.42864418029785156
249,0.46281659603118896
299,0.45649391412734985
349,0.445911705493927
399,0.45251554250717163
449,0.4568933844566345
499,0.4574549198150635
549,0.44786688685417175
599,0.4285779297351837
649,0.439488023519516
699,0.4279114305973053
749,0.4266476631164551
799,0.3978550434112549
849,0.3884425461292267
899,0.3865740895271301
949,0.38914954662323
999,0.38315925002098083
1049,0.3985801637172699
1099,0.38525810837745667
1149,0.39417803287506104
1199,0.3836827874183655
1249,0.39554259181022644
1299,0.3971504271030426
1349,0.38565298914909363
1399,0.36494097113609314
1449,0.37841904163360596
1499,0.36074596643447876
1549,0.38574331998825073
1599,0.3536377549171448
1649,0.3491654396057129
1699,0.34742844104766846
1749,0.34978291392326355
1799,0.3615083694458008
1849,0.33332905173301697
1899,0.33997905254364014
1949,0.3304368555545807
1999,0.3410445749759674
2049,0.3254489600658417
2099,0.3263269364833832
2149,0.3301369845867157
