step,Cor_feature_ij_10_emb
49,0.49195295572280884
99,0.4235415458679199
149,0.4555676281452179
199,0.4277123808860779
249,0.46243318915367126
299,0.4561190605163574
349,0.4459480047225952
399,0.4521130323410034
449,0.4566876292228699
499,0.45715612173080444
549,0.4471811056137085
599,0.428882360458374
649,0.4392249882221222
699,0.42772454023361206
749,0.4258686304092407
799,0.3974657356739044
849,0.3878853917121887
899,0.3860921263694763
949,0.38877764344215393
999,0.3825134038925171
1049,0.3981460928916931
1099,0.38516759872436523
1149,0.3939538598060608
1199,0.3834492564201355
1249,0.39561331272125244
1299,0.39673054218292236
1349,0.38520002365112305
1399,0.36446595191955566
1449,0.3779386878013611
1499,0.3606482744216919
1549,0.38545286655426025
1599,0.35299450159072876
1649,0.34857600927352905
1699,0.3469562530517578
1749,0.34953683614730835
1799,0.3612455725669861
1849,0.3331093192100525
1899,0.33987724781036377
1949,0.33025574684143066
1999,0.34053266048431396
2049,0.32493454217910767
2099,0.32593703269958496
2149,0.329354852437973
