step,Cor_feature_ij_01_emb
49,0.6388246417045593
99,0.5688169002532959
149,0.6534246206283569
199,0.6597564220428467
249,0.6938000321388245
299,0.7178807258605957
349,0.7012264728546143
399,0.6806256771087646
449,0.7232381105422974
499,0.6727707386016846
549,0.7011731863021851
599,0.694913387298584
649,0.6909791827201843
699,0.70549076795578
749,0.7216153144836426
799,0.7446495294570923
849,0.7339791059494019
899,0.7329285740852356
949,0.7344636917114258
999,0.6904529333114624
1049,0.6848351955413818
1099,0.7332538366317749
1149,0.6848032474517822
1199,0.7569640874862671
1249,0.7075866460800171
1299,0.7173177003860474
1349,0.6989321708679199
1399,0.6980944871902466
1449,0.7538493275642395
1499,0.6937692165374756
1549,0.6844748258590698
1599,0.7286180257797241
1649,0.7298980951309204
1699,0.7107837200164795
1749,0.6866934299468994
1799,0.737309455871582
1849,0.7319912314414978
1899,0.6770391464233398
1949,0.7181301116943359
1999,0.7215391993522644
2049,0.714349627494812
2099,0.7219661474227905
2149,0.7197822332382202
2199,0.7281242609024048
2249,0.734368622303009
2299,0.702690839767456
2349,0.7424086332321167
2399,0.7124003171920776
2449,0.7269659042358398
2499,0.7550603151321411
2549,0.6946065425872803
2599,0.7460910677909851
2649,0.7352161407470703
2699,0.7481048107147217
2749,0.7251105308532715
2799,0.728451132774353
2849,0.7234451770782471
2899,0.7558020353317261
2949,0.740554690361023
2999,0.7376921772956848
3049,0.7005371451377869
3099,0.7072744369506836
3149,0.7296886444091797
3199,0.7369372248649597
3249,0.7508506774902344
3299,0.6997269988059998
3349,0.707661509513855
3399,0.7200411558151245
3449,0.7320268154144287
3499,0.7154586911201477
3549,0.7501551508903503
3599,0.7103880643844604
3649,0.7112995386123657
3699,0.7599921822547913
3749,0.7650916576385498
3799,0.7015182971954346
3849,0.7105669975280762
3899,0.7029564380645752
