step,Cor_feature_ij_00_emb
49,0.5118545293807983
99,0.29915642738342285
149,0.30708685517311096
199,0.343058317899704
249,0.3278983235359192
299,0.33603405952453613
349,0.3117031157016754
399,0.29882895946502686
449,0.3159725069999695
499,0.3073875308036804
549,0.32148197293281555
599,0.3026692271232605
649,0.29988428950309753
699,0.30197611451148987
749,0.3007998764514923
799,0.2974124252796173
849,0.29739347100257874
899,0.2915859818458557
949,0.29322534799575806
999,0.2836833596229553
1049,0.2904118001461029
1099,0.2791675329208374
1149,0.27583077549934387
1199,0.27140921354293823
1249,0.28380656242370605
1299,0.28529757261276245
1349,0.27474698424339294
1399,0.27505651116371155
1449,0.285194993019104
1499,0.29043692350387573
1549,0.28355851769447327
1599,0.2792290449142456
1649,0.27406683564186096
1699,0.27348437905311584
1749,0.2661266028881073
1799,0.27661803364753723
1849,0.2699282765388489
1899,0.2777805030345917
1949,0.2797148823738098
1999,0.2561068534851074
2049,0.2637726068496704
2099,0.27731961011886597
2149,0.26664480566978455
2199,0.2735268473625183
2249,0.2620426416397095
2299,0.25205451250076294
2349,0.2806915044784546
2399,0.261004775762558
2449,0.2546069920063019
2499,0.25586163997650146
2549,0.2592426836490631
2599,0.24985246360301971
2649,0.2647053897380829
2699,0.26210707426071167
2749,0.2685753107070923
2799,0.26177582144737244
2849,0.25722384452819824
2899,0.2715066969394684
2949,0.2514256536960602
2999,0.2743341028690338
3049,0.2659969925880432
3099,0.26106005907058716
3149,0.2638757824897766
3199,0.270576536655426
3249,0.26910096406936646
3299,0.2727503180503845
3349,0.26679861545562744
3399,0.24521175026893616
3449,0.2752709686756134
3499,0.2709704339504242
3549,0.24610795080661774
3599,0.2600095272064209
3649,0.2559607923030853
3699,0.27016112208366394
3749,0.2730243504047394
3799,0.2617318034172058
3849,0.25198033452033997
3899,0.2521427273750305
