step,kNN_accuracy
1949,33.88661193847656
3899,36.486351013183594
