step,kNN_accuracy
1949,39.89601135253906
3899,44.35556411743164
