step,Cor_feature_ij_01_emb
49,0.8885790109634399
99,0.9428645372390747
149,0.9619959592819214
199,0.9763237237930298
249,0.9756794571876526
299,0.9799846410751343
349,0.9867583513259888
399,0.9888230562210083
449,0.9895946979522705
499,0.9905120134353638
549,0.990484893321991
599,0.9915165305137634
649,0.9950348734855652
699,0.9951735734939575
749,0.9936723113059998
799,0.9946557879447937
849,0.9942625164985657
899,0.9956663846969604
949,0.9958634972572327
999,0.9958438873291016
1049,0.9961920976638794
1099,0.9964547157287598
1149,0.997214674949646
1199,0.9969258308410645
1249,0.9972267150878906
1299,0.9973416924476624
1349,0.996996283531189
1399,0.9973041415214539
1449,0.9973504543304443
1499,0.9970420598983765
1549,0.9975043535232544
1599,0.9982779026031494
1649,0.9977737665176392
1699,0.9969857931137085
1749,0.9975216388702393
1799,0.9972175359725952
1849,0.9987550973892212
1899,0.9977816343307495
1949,0.9981138706207275
1999,0.9980179071426392
2049,0.9978414177894592
2099,0.9980640411376953
2149,0.9986352324485779
2199,0.9979889392852783
2249,0.9977710247039795
2299,0.9985735416412354
2349,0.9983185529708862
2399,0.9983721375465393
2449,0.9979394674301147
2499,0.9984060525894165
2549,0.99741530418396
2599,0.99862140417099
2649,0.9983634948730469
2699,0.9981840252876282
2749,0.9984586238861084
2799,0.9985424280166626
2849,0.9989988207817078
2899,0.9981570839881897
2949,0.9984768033027649
2999,0.998474657535553
3049,0.9985693693161011
3099,0.9987955093383789
3149,0.9985009431838989
3199,0.9985657334327698
3249,0.9984582662582397
3299,0.9986851215362549
3349,0.9987897872924805
3399,0.9990194439888
3449,0.9982548356056213
3499,0.998842716217041
3549,0.9978495240211487
3599,0.9984577894210815
3649,0.9986602067947388
3699,0.9988413453102112
3749,0.9987971186637878
3799,0.9988248348236084
3849,0.9986788034439087
3899,0.9985636472702026
