step,Cor_feature_ij_00_emb
49,0.3999984860420227
99,0.34616929292678833
149,0.37659743428230286
199,0.3413504958152771
249,0.3314487636089325
299,0.3350491225719452
349,0.33782580494880676
399,0.33730587363243103
449,0.3268887996673584
499,0.3329939544200897
549,0.3232225775718689
599,0.32531625032424927
649,0.3250293433666229
699,0.3225272595882416
749,0.3198656439781189
799,0.3237132132053375
849,0.31867992877960205
899,0.31611117720603943
949,0.3157559633255005
999,0.3170826733112335
1049,0.31228870153427124
1099,0.3074299395084381
1149,0.31175562739372253
1199,0.31669047474861145
1249,0.3150894343852997
1299,0.31462332606315613
1349,0.31219056248664856
1399,0.31187281012535095
1449,0.30724191665649414
1499,0.3055441677570343
1549,0.31105294823646545
1599,0.3077743351459503
1649,0.31188350915908813
1699,0.30727824568748474
1749,0.30487924814224243
1799,0.3049771785736084
1849,0.30530163645744324
1899,0.30213463306427
1949,0.3021313548088074
1999,0.30053842067718506
2049,0.31558316946029663
2099,0.30444419384002686
2149,0.30793336033821106
2199,0.30747684836387634
2249,0.30546432733535767
2299,0.30725622177124023
2349,0.30654048919677734
2399,0.30023297667503357
2449,0.29897284507751465
2499,0.31016042828559875
2549,0.2982943058013916
2599,0.3002472519874573
2649,0.3001972436904907
2699,0.2990182042121887
2749,0.30458688735961914
2799,0.3031671643257141
2849,0.31229549646377563
2899,0.29788273572921753
2949,0.3072700798511505
2999,0.29691869020462036
3049,0.30923715233802795
3099,0.30860379338264465
3149,0.3011321425437927
3199,0.29962003231048584
3249,0.30543893575668335
3299,0.3026427924633026
3349,0.30012819170951843
3399,0.30801165103912354
3449,0.30101752281188965
3499,0.30991092324256897
3549,0.30752143263816833
3599,0.3069051206111908
3649,0.3051295876502991
3699,0.3029922544956207
3749,0.3053218722343445
3799,0.3042965531349182
3849,0.30396297574043274
3899,0.3072024881839752
