step,kNN_accuracy
1949,21.68783187866211
3899,21.297870635986328
